歌手名字,歌手ID
周杰伦,6452
陈奕迅,2116
薛之谦,5781
林俊杰,3684
李荣浩,4292
张学友,6460
杨宗纬,6066
许巍,5770
赵雷,6731
李志,3681
王力宏,5346
宋冬野,5073
朴树,4721
李健,3695
陈小春,2112
许嵩,5771
马頔,4592
张国荣,6457
萧敬腾,5768
张敬轩,6462
古巨基,2849
张杰,6472
周传雄,6652
李克勤,3699
陶喆,5196
张信哲,6454
刘德华,3691
方大同,2738
汪峰,5347
石进,5039
张宇,6469
谭咏麟,5205
尧十三,4903
老狼,3682
王杰,5358
周柏豪,6479
陈百强,2115
潘玮柏,4723
回音哥,3348
胡彦斌,3066
陈冠希,2122
赵照,6729
李宗盛,3683
陈势安,2201
金志文,166014
吴亦凡,964108
林宥嘉,3685
郑中基,6473
齐秦,4813
河图,3249
庾澄庆,6075
陈柏宇,2127
陈鸿宇,1058228
谢霆锋,5773
麦浚龙,4483
周华健,6456
罗志祥,3694
李易峰,3765
MC Hotdog,4479
郑伊健,6491
伍佰,5354
张赫宣,166016
贰佰,896894
郑钧,6458
戴荃,791534
华晨宇,861777
胡夏,3273
Pianoboy高至豪,4726
梁汉文,3722
孙楠,4941
胡歌,3064
李玖哲,3689
汪苏泷,5538
孙子涵,5103
阿杜,1876
音频怪物,6290
林峯,3702
小曲儿,5997
张震岳,6453
侧田,2117
张智霖,6487
林志炫,3692
eliaqsopa,1039899
蒋明,3558
鹿晗,1038093
林海,3693
许志安,5787
光良,2842
费玉清,2747
后弦,3058
崔健,2111
钟立风,6474
胡伟立,3081
夏天Alex,5944
林子祥,3706
迪克牛仔,2516
黄渤,3255
左小祖咒,6467
李圣杰,3705
郝云,3071
歌手名字,歌手ID
王菲,9621
G.E.M.邓紫棋,7763
蔡健雅,7214
陈粒,1007170
孙燕姿,9272
金玟岐,893259
那英,9061
莫文蔚,8926
谢安琪,9952
杨千嬅,10204
张靓颖,10561
张惠妹,10559
容祖儿,9269
蔡依林,7219
刘瑞琦,840134
刘思涵,784453
A-Lin,7063
梁静茹,8325
Sunshine,11998039
陈绮贞,7217
谭维维,9489
GALA,11679
张悬,10557
范玮琪,7652
萧亚轩,9945
陈洁仪,7439
林忆莲,8336
邓丽君,7570
洛天依,906118
庄心妍,167013
薛凯琪,9944
张韶涵,10562
戴佩妮,7535
王心凌,9606
花粥,8103
李宇春,8327
刘若英,8326
田馥甄,9548
陈慧娴,7225
刘惜君,8334
曹方,7215
王若琳,9604
卫兰,9605
孙露,9292
蔡琴,7220
银临,188565
范晓萱,7662
阿肆,7122
梁咏琪,8329
程璧,973004
吴雨霏,9615
曲婉婷,9178
卢巧音,8330
许茹芸,9943
刘涛,704004
杨丞琳,10199
彭佳慧,9102
温岚,9612
郭静,7760
张碧晨,1024308
徐佳莹,9940
HITA,7898
邓丽欣,7537
燕池,975482
阿桑,7061
云の泣,981005
周笔畅,10558
金莎,8259
陈慧琳,7235
赵薇,10565
降央卓玛,8332
郁可唯,10200
郑秀文,10571
姚贝娜,10371
黄龄,7890
黄小琥,7896
韩红,7891
梅艳芳,8918
邵夷贝,9352
李佳薇,8753
何洁,7907
金海心,8151
郭采洁,7762
叶蒨文,10209
梁心颐,8677
张芸京,10572
李霄云,8614
弦子,9939
李玟,8331
不才,961358
郑融,10580
许飞,9941
严艺丹,10296
陈珊妮,7216
郑欣宜,10782
泳儿,10203
吴若希,9780
杜婧荧,7591
蔡淳佳,7221
曾轶可,10750
歌手名字,歌手ID
好妹妹,711683
Beyond,11127
苏打绿,12707
五月天,13193
逃跑计划,12977
牛奶咖啡,12437
F.I.R.,11562
TFBOYS,827728
南拳妈妈,12438
丢火车,11370
痛仰乐队,12971
Twins,12985
筷子兄弟,12081
海龟先生,11830
有声小说,947021
南征北战NZBZ,189873
信乐团,13283
凤凰传奇,11564
旅行团,12111
By2,11097
万能青年旅店,13223
羽·泉,13418
大乔小乔,11358
水木年华,12712
草蜢,11265
网易游戏,751129
my little airport,12264
布衣乐队,2092
小娟&山谷里的居民,13279
霹雳英雄,12639
萌萌哒天团,1040065
风潮唱片,226672
天府事变CDREV,1196009
不可撤销,900084
新裤子,13282
黑豹乐队,11759
卡奇社,12054
S.H.E,12709
棉花糖,12261
英雄联盟,1047337
反光镜,11558
嘻游记,1033013
二手玫瑰,11514
花儿乐队,11761
龙井说唱,12181
腰乐队,13421
SNH48,794014
至上励合,13584
达达,11359
张玮玮和郭龙,173002
纵贯线,13580
黑撒,11762
中央人民广播电台少年广播合唱团,13598
动力火车,11363
谣乐队,858267
at17,11001
墨明棋妙,12269
黑鸭子,11776
隔壁团乐队,11742
EXO-M,691012
顽童MJ116,13200
夏天播放,1006074
Mr.,12266
脑浊乐队,12442
零点乐队,12115
秘密後院,12263
低苦艾,11365
Robynn & Kendy,9263
Hush!,11890
武聆音雄,1019047
青鸟飞鱼,12604
达明一派,11371
安图声乐队 ,1049310
七朵组合,12651
杭盖,11767
BOBO,11096
F4,11560
中国人民解放军军乐团,13593
扭曲机器,12436
自然卷,13579
小虎队,13286
阿里郎,11015
JS,11952
农夫,12439
野孩子,13416
月之门,13540
房东的猫,1050282
后海大鲨鱼,11760
小紫荆儿童合唱团,13321
Six City,12840
指南针,13587
打扰一下乐团,1032426
飘乐队,12537
左卡,220811
中国国家交响乐团,13638
男才女貌,12444
Soler,12721
丝绒公路,12877
C-BLOCK,11257
刺猬,11238
歌手名字,歌手ID
Bruno Mars,178059
Justin Bieber,35531
Alan Walker,1045123
Eminem,32665
Tobu,964486
Ed Sheeran,33184
Charlie Puth,90331
Wiz Khalifa,46006
Avicii,45236
Justin Timberlake,35331
Hans Zimmer,34517
Sam Smith,740216
Pitbull,41143
TheFatRat,1019952
The Weeknd,185858
Flo Rida,56783
Mark Ronson,38898
Calvin Harris,29968
Adam Lambert,27604
Jason Mraz,35332
David Guetta,31211
DJ Okawari,13950
Chris Medina,30899
Michael Jackson,38853
Chris Brown,29960
James Blunt,35329
Martin Garrix,780003
Drake,53283
Adam Levine,196215
Thomas Bergersen,45336
Shawn Mendes,956238
Maksim Mrvica,38854
John Legend,35342
will.i.am,45838
Steerner,783190
Josh Vietti,37065
Deorro,366358
Kygo,844410
Zedd,46376
Skrillex,43755
David Garrett,31212
Axero,1035020
Pharrell Williams,41151
Boyce Avenue,29709
Tiësto,688047
Troye Sivan,45129
Joel Hanson,35375
Darin,31200
Mark Petrie,40266
Richard Clayderman,41937
Hardwell,34994
MitiS,40245
Immediate Music,35054
Ramin Djawadi,41992
Ne-Yo,40423
Usher,45564
Greyson Chance,34327
Janji,1032229
Yanni,46198
DJ Snake,296416
Fetty Wap,1050324
Shayne Ward,42935
Kanye West,37520
Jay-Z,35334
Enrique Iglesias,32662
Jason DeRulo,35511
Alesso,29251
Shane Filan,806048
Dr. Dre,53243
Akon,27595
Virtual Riot,813244
Tamas Wells,44262
Armin van Buuren,27621
Robbie Williams,41928
John Dreamer,896177
Deutschland sucht den Superstar,152734
Dan Gibson,31199
B.o.B,129271
Hozier,862014
John Williams,35351
Asher Monroe,28727
Jacoo,347497
Daniel Powter,31187
Alex Skrindo,1046359
Afrojack,28745
Robin Thicke,41947
DJ Daniel Kim,935184
Alex Goot,28690
Big Sean,185832
Itro,1049096
Diplo,31645
Juicy J,62194
Mika,38849
R3hab,197248
Lil Wayne,38118
Damien Rice,31188
Kevin Kern,37518
Michael Bublé,38855
Stewart Mac,43647
Felix Jaehn,963083
歌手名字,歌手ID
Adele,46487
Rihanna,72724
Ellie Goulding,56598
Carly Rae Jepsen,50934
Taylor Swift,44266
Ariana Grande,48161
Katy Perry,62888
Avril Lavigne,46490
Lana Del Rey,66212
Meghan Trainor,69173
Nicki Minaj,70183
Kelly Clarkson,62885
Lady Gaga,64147
Colbie Caillat,50890
Kesha,63901
Jessie J,62662
Sia,74625
Beyoncé,48436
Selena Gomez,140196
Britney Spears,48432
P!nk,70821
Jess Glynne,904046
Mariah Carey,66355
Lenka,64143
Miley Cyrus,66361
Ingrid Michaelson,60351
Skylar Grey,74801
Diana Boncheva,55469
Madilyn Bailey,69270
Iggy Azalea,60906
Kim Taylor,63943
Charli XCX,53092
Zella Day,900106
Gwyneth Paltrow,59177
Jewel,60923
A Fine Frenzy,46493
Celine Dion,50893
Kate Havnevik,62899
Demi Lovato,53236
Rachel Platten,74518
Christina Aguilera,50892
Laura Brehm,207693
Dia Frampton,55454
Jasmine Thompson,863042
Lorde,784001
Dido,53235
Jennifer Lopez,60932
Tove Lo,768065
Sofia Jannok,74681
Lindsey Stirling,66225
Leona Lewis,64150
Whitney Houston,84061
Bea Miller,908180
Enya,55520
Lily Allen,64146
MØ,783150
Sarah Connor,74616
Russian Red,72726
Madonna,66364
Kimbra,64036
Slo,276525
Shahzoda,77894
Shakira,74623
Idina Menzel,60841
Birdy,50403
Diane Birch,53326
Janelle Monáe,61656
Inna,60848
Maria Arredondo,66346
Ina Wroldsen,60879
Alicia Keys,46489
Phoebe Ryan,854363
Sarah Brightman,74618
Alessia Cara,1074089
Christina Perri,52979
Fefe Dobson,57223
Samantha Jade,74738
Angie Miller,756064
Emma Stevens,817087
Norah Jones,69320
Markéta Irglová,68968
Hélène Rolles,59238
Alyssa Reid,48152
Regina Spektor,72722
Yael Naim,84836
Giulia,59153
Lene Marlin,64145
Rachel Taylor,74592
Kate Linn,1015070
Katie Sky,64076
Amy Winehouse,46488
Tiffany Alvord,83218
Tinashé,45221
Rita Ora,74575
Laura Welsh,804011
Halsey,964321
Lainey Lou,66124
Caro Emerald,52945
Louisa Wendorff,1050119
Veela,193221
歌手名字,歌手ID
Maroon 5,96266
Coldplay,89365
Fall Out Boy,56782
OneRepublic,98105
Two Steps From Hell,102714
One Direction,98351
Imagine Dragons,94779
Westlife,45839
Linkin Park,95439
Audio Machine,87066
Owl City,40859
Nightwish,97516
Hillsong Young And Free,835002
Anthem Lights,86862
The Downtown Fiction,103121
The Script,102028
Green Day,93187
Passenger,70840
X-Ray Dog,105618
The Beatles,101988
Deep Side,55350
Bandari,88149
Groove Coverage,93186
Lady Antebellum,95456
Clean Bandit,754010
Black Eyed Peas,88146
Major Lazer,96309
Rixton,840899
Train,44343
Nickelback,40422
Backstreet Boys,88148
Lovestoned,95748
Eagles,91725
Glee Cast,93226
Fifth Harmony,794152
Bon Jovi,88147
Blue,88145
Approaching Nirvana,86884
Michael Learns To Rock,96269
Carpenters,89363
Pentatonix,99292
The Wanted,103095
Walk off the Earth,105493
Guns N' Roses,93183
American Authors,762135
The xx,102035
Feint,93062
Queen,41906
Fun.,92453
The Cranberries,101982
Fort Minor,33358
Daft Punk,90513
Dreamtale,90511
Sum 41,99989
Muse,96267
M2M,66344
Simple Plan,42937
Secret Garden,99988
Escala,55564
Vicetone,747030
Years & Years,827604
The Weepies,101981
Oh Wonder,1050128
The Piano Guys,99093
Oasis,98110
Jack Ü,1015289
Radiohead,99384
Ashes Remain,87231
Young Rising Sons,947185
Rudimental,42870
Nirvana,97521
Era,32670
Pink Floyd,98541
Walk The Moon,105441
Travis,101984
Capo Productions,90097
The Chainsmokers,893484
Krewella,208915
Empire Cast,1046150
R. City,99630
Megan & Liz,97094
A Great Big World,843001
SIGMA,101736
Marilyn Manson,96268
Take That,102002
MADE IN HEIGHTS,893268
U2,104493
Project 46,776674
Position Music,99011
LMFAO,95574
Joan Jett & the Blackhearts,94968
AC/DC,85502
The Rescues,44905
Disclosure,91664
Pixie Paris,1032313
Rammstein,99385
Showtek,100696
VINAI,804422
Lovebugs,95442
Simon & Garfunkel,185017
歌手名字,歌手ID
Ivan Torrent,816336
α·Pav,4716
Arijit Singh,956454
Eliyar Hudabardi,1061020
Pritam,956243
iw ix,3441
Mirjon Ashrapov,1049077
ismail-yk,1049007
A.R. Rahman,27619
Klaas,106210
Sonu Nigam,106315
UmuD Eziz,1120093
Salim-Sulaiman,106308
uMmuDum,1046142
Kaleo,106201
伊力哈尔·阿卜杜热合曼,1064059
Anti-General,1007061
IZ乐队,12329
Ice Sarunyu,35200
Anu Malik,106049
Mike D. Angelo,1049386
pSyk,106265
邱比,981008
Bie Sukrit,29493
Humood AlKhudher,1178019
Angry5JaR,1050198
Mohit Chauhan,135633
L.V.,106218
Pchy,106260
邓泰山,106112
Shaan,129334
Captain Chonlathorn,1079144
Gusttavo Lima,106156
M.M. Keeravani,956215
husidin,1063036
Boy Sompob,1132410
York,46221
White Nawat,1079146
Arca,106629
Kavin Hoo,818409
亚尔肯,1083094
MuHtAr Jan - Yasin,1132282
Shahimerdan麦尔丹,1160001
Atif Aslam,106068
IDinn Borkan,1050788
Karthik,658161
音浪,1039375
DJRovin,1079107
Aosaki,189605
Ershat-yvsvn,1065011
Vijay Prakash,106358
Kongar-ol Ondar,106196
Mudassar·Aziz,956399
Abdughopur_Abduwali,1183007
Yat-Kha,106366
Mirbek Atabekov,1047181
Vid Hiper R siam,952253
DJ CHETAS,1170011
Jeet Gannguli,957063
Oak Smith,1155110
Sajid-Wajid,957150
Mani Sharma,956174
Bojalar Guruhi,1181290
Angger Dimas,106074
Daniyar,1184064
Shahrukh Khan,1047171
Sin,1054078
Bird Thongchai,106298
Nat Sakdatorn,1115184
Daboo Malik,958125
James Jirayu,1081313
Yuri Kane,106369
Ajay-Atul,956180
Javed Ali,1043078
Son Tung,1170007
Hummingbert Stereo,106172
Bell Supol,1137362
Bappi Lahiri,48765
Serdar Şenel,106303
erzat,797243
Nadech Kugimiya,1054074
chimneycrow,2287
Bad Style,1047263
Chirgilchin,106101
Roop Kumar Rathod,130935
Define Light,1124126
Mbongwana Star,1181167
Audiosoldier,1080063
Mithoon,961170
Chin,106103
Nyoy Volante,106244
Shahid Mallya,203870
Dew Arunpong,1054077
Opor Praput,1182497
Meet Brothers Anjjan,956432
Kangsom Tanatat,1181005
Harris Jayaraj,106173
SEK LOSO,100217
Aof Pongsak,203994
Uttam Singh,956184
歌手名字,歌手ID
ChianoSky,955063
Yuna,106626
Tata Young,18167
Shirfine,189603
Sainkho Namtchylak,106570
Lata Mangeshkar,106489
Alka Yagnik,106399
茜拉,275494
Lydia Sarunrat,106470
Isyana Sarasvati,1177004
mica,1115133
伊美达,1084169
Truong Quynh Anh,106601
Mook Worranit,1085015
AGNEZ MO,48055
Elissa,56589
Asha Bhosle,106414
Sabrina,1178193
Palmy,72539
Kyla,63876
Ann Thitima,106376
Kelly Siew,860584
Lula,106479
Света Светикова,106576
伊帕尔古丽,1064029
Focus Jeerakul,213369
Da Endorphine,106421
Raisa,169041
予词,1050470
水曜日,189941
胡玉荷,106442
Earth Patravee,1132774
Miu Le,367740
Gypso Ariigantha,1192179
Dong Nhi,711365
Panadda Ruangwut,72578
Yinglee Srijoomphol,1044260
แพรวา Yellow fang,1132660
Namaste,106531
Namika,1115152
Bajka,106403
宇田,759258
Sadhana Sargam,106578
Krit Krisanavarin,106468
Gemma Rea,1043360
Cita Citata,1120039
Tata,106607
Anggun,46556
Siti Nurhaliza,106565
Atom Kritchanok,48142
Natacha Atlas,106520
Lưu Hương Giang,789607
Öykü Gürman,1049004
Praw Kanitkul,106541
Ruhi,1050291
Noona Nuengthida,106534
Umut,776179
Jannine Weigel,1137283
Kishore Kumar,106476
Regine Velasquez,106606
Анжелика Варум,810020
Yaya Urassaya,1057190
Lookwa Pijika,106487
Linda,66087
Assia,140702
Veronica,106614
Helen,1058009
Punch,106542
Thuy Tien,106377
吴玉霞,106615
Yarinda,85043
Richa Sharma,106551
Yara,106618
Amal Maher,106386
ZEE,85263
Angham,106378
白红梅,106407
Nat,658164
Saka Trung Tuyen,106593
Jennifer Kim,192803
Марина Девятова,1170013
Ani Tsering Wangmo,106402
Najwa Karam,106527
Dina Hayek,106420
Surasee Eittikul,1050592
Sunitha,977146
Lagoon West,106474
Min Pechaya,1182734
Green Ausadaporn,1181125
Diana Haddad,106419
Angel,28150
Tanzmarathon Orchester,961364
V Violette Wautier,1058164
Agiimaa,106401
Vaishali Made ,1163037
Lanna Commins,66076
Soledad Pastorutti,141474
Snow Fox Apprentice,831118
Bowling Manida,106413
Vaishali Samant,1132643
歌手名字,歌手ID
Die Antwoord,106717
CODA,106704
Getsunova,905156
九宝乐队,106805
Sleepmakeswaves,100022
Jatin-Lalit,106801
Мельница,818191
Four Mod,92450
Potato,72492
Video Game Orchestra,816362
2nd Room,1083129
Huun-Huur-Tu,106782
August Band,106634
Budokan,106688
MFÖ,1049391
Hurd,106780
Zaza Travel,106991
Muxu,12274
KLEAR,95427
Bodyslam,88356
Boom! Bap! Pow!,1054198
Nadeem & Shravan,452098
Matt Webb,106763
The Bottom Blues,103498
Majdanek Waltz,106846
Nuttin' But stringz,818295
Inspirative,106790
Umpire,106965
New & Jiew,106863
Singular,100101
Namgar,106855
Slot Machine,868124
Spiritual Seasons,106920
Nox Doloris,106857
Pakarina,106873
Anima,85667
Lipta,904054
TATAR,106929
The Milo,106937
Amanecer Ecuador,106647
Natural Garden,711197
I am waiting for you last summer,106792
Laramarka,106823
Scrubb,203857
FFK,106755
BIG ASS,88819
Ciclon,1049363
Khusugtun,1028050
Dvar,106722
25 hours,106998
Ay-Kherel,106639
M.G.Sreekumar,230476
Altan Urag,106631
Jetset'er,782004
Tono & The Dust,1181721
Age Of Echoes,106635
REDD,106884
The Young Professionals,106956
Silly Fools,106941
Friday,390241
Cocktail,1146056
Zeal,46334
Calories Blah Blah,89836
ДДТ,106733
I Musici de Montreal,693015
บีไฟว์,1078416
For a Minor Reflection,818370
Mild,106836
Mavericks_Official ,1081035
Dan Romer & Benh Zeitlin,106737
D.A.M.A,1081439
PISS SPEARS ,783271
Summer Of Haze,774256
JKT48,711198
The Bilz and Kashif,996535
AltaiKAI,106630
Yiltiz,1064094
คาราบาว,106719
Polycat,106878
3.2.1,823055
ГРУППА ПИЦЦА,1049361
Kausal,916021
Withyouathome,106980
Les Enfants,816405
Skyway,106907
Neko Jump,97779
语君子兰,106989
Sinobola,106913
The Stellas,106945
Budapest Festival Orchestra,106682
四千金,200429
VieTrio,104903
Capture the Crown,816198
No More Tear,106860
Tonn Sofa,1141007
Tyva Kyzy,106932
Stafrænn Hákon,106898
Alash Ensemble,106636
Wynardtage,106981
蓝野乐队,12197
歌手名字,歌手ID
澤野弘之,15290
久石譲,14408
和田光司,15800
高梨康治,15639
川井憲次,14437
宮崎歩,829001
Ken Arai,14695
横山克,15917
和田薫,15824
DAISHI DANCE,13953
TK from 凛として時雨,159644
鷺巣詩郎,15300
天門,15599
麻枝准,14782
Otokaze,15164
坂本龍一,15289
宗次郎,14960
やまだ豊,896309
林ゆうき,14202
増田俊郎,14762
三輪学,14866
岸部眞明,14429
山岡晃,15871
遠藤幹雄,14094
a_hisa,13908
光宗信吉,14775
まらしぃ,14786
出羽良彰,855541
押尾コータロー,15081
まふまふ,896913
岩崎琢,14056
深澤秀行,162150
Matt Cab,39866
大野克夫,15105
植松伸夫,15806
田中公平,15634
玉置浩二,15558
りぶ,818032
そらる,15513
伊東歌詞太郎,908227
Blazo,18750
4円,782024
神前暁,14629
佐藤直紀,15325
Robert de Boron,15252
吉森信,15855
秦基博,14153
ぐるたみん,14617
佐橋俊彦,15291
山下智久,15848
菅野祐悟,14472
松田彬人,17432
佐藤康夫,14439
山崎まさよし,15853
横山菁児,15872
加藤達也,159970
阿保剛,160387
蛇足,14345
Nao'ymt,14991
Nujabes,162138
Nomak,14956
赤ティン,908132
千住明,15293
中孝介,15973
じん,160038
妹尾武,15484
喜多郎,14432
鏡音レン,190527
浜口史郎,14220
松下優也,14771
姫神,14400
吉田潔,15850
YUNG BAE,981263
奥户巴寿,231900
黒うさP,14610
しゅーず,1047285
luz,1019715
有澤孝紀,13845
梅林茂,42983
伊藤賢治,14354
羽毛田丈史,14151
梁邦彦,41931
illion,711232
徳永英明,13961
太田美知彦,15133
宮野真守,161902
DECO*27,14001
sAr ,687035
SMOOTH J,15361
中西亮輔,15068
増田順一,162228
松谷卓,14759
植地雅哉,15789
葉加瀬太郎,159285
水谷広実,833010
小田和正,15085
天月-あまつき-,13892
清水翔太,15285
大橋トリオ,161404
タニザワトモフミ,15610
歌手名字,歌手ID
Aimer,16152
初音ミク,159692
花たん,16523
やなぎなぎ,18303
mizuki,981205
花澤香菜,16456
れをる,990289
KOKIA,16686
鹿乃,17014
小林未郁,16823
宇多田ヒカル,18122
梶浦由記,16692
茅野愛衣,16906
西野カナ,17313
黒石ひとみ,16694
早見沙織,16501
LiSA,16995
Suara,17642
Anan Ryoko,16069
戸松遥,17905
ヲタみん,18149
Lia,16993
96猫,18345
手嶌葵,17904
中島美嘉,160729
浜崎あゆみ,16405
小野リサ,17479
YUI,18168
GUMI,188274
藍井エイル,16151
鏡音リン,160154
沢井美空,17825
磯村由纪子,16658
安室奈美恵,15992
菅野よう子,16689
堀江由衣,16402
前田愛,17122
柿チョコ,191295
藤田麻衣子,16349
いとうかなこ,16277
ルルティア,17597
安田レイ,787220
中島みゆき,17307
南條愛乃,17421
倉木麻衣,161545
水樹奈々,17028
平野綾,16400
雨宮天,932027
Annabel,16083
東山奈央,18012
Tia,896536
川嶋あい,16700
釘宮理恵,16690
茶太,17601
ZARD,18349
中村由利子,17314
種田梨沙,711270
原田ひとみ,16486
伊藤サチコ,16605
AZU,15998
多田葵,18009
椎名林檎,17635
つじあやの,17637
ナノ,15063
senya,191081
acane_madder,723021
田中あいみ,1132959
高橋洋子,17909
川田まみ,16697
JUJU,16664
岡崎律子,161420
西村由紀江,18169
大塚 愛,17477
新田恵海,17446
CHiCO with HoneyWorks,1049332
井口裕香,16625
広橋真紀子,16424
徳井青空,740113
佐倉綾音,734088
Rie fu,17599
のぶなが,191321
SNoW,17643
三森すずこ,17241
家入レオ,16650
水瀬いのり,1004106
鎖那,1002089
能登麻美子,17306
さユり,1116297
坂本真綾,17636
IA,190861
滴草由実,17641
ANZA,16037
志方あきこ,17639
miwa,17120
鈴木このみ,17881
羽深由理,855542
ChouCho,16138
Che'Nelle,52065
彩音,15997
ろん,17017
歌手名字,歌手ID
ONE OK ROCK,20878
back number,18771
嵐,20292
Key Sounds Label,20050
μ's,747064
S.E.N.S.,21309
EGOIST,19353
fripSide,19395
AKB48,18355
Valentin,22247
Goose house,19618
いきものがかり,19270
7!!,22540
Foxtail-Grass Studio,19481
Falcom Sound Team jdk,19455
moumoon,20463
上海アリス幻樂団,15345
Kalafina,20032
RADWIMPS,21132
BABYMETAL,18850
Supercell,21397
Sound Horizon,21306
TAMUSIC,21967
幽閉サテライト,22435
whiteeeen,1051003
ClariS,18961
BAAD,18711
FLOWER,19446
JAM Project,19975
STEREO DIVE FOUNDATION,852054
End of the World,21463
乃木坂46,20846
放課後ティータイム,161782
THE ORAL CIGARETTES,908095
amazarashi,18480
VOCALOID,22250
DEPAPEPE,19107
BRIGHT,18717
ハンバート ハンバート,19678
SPYAIR,21503
六三四,20545
関ジャニ∞,20040
Della,19205
M.Graveyard,20579
スキマスイッチ,21317
みかん箱,20578
魂音泉,21200
WANDS,22299
Perfume,20965
FictionJunction,19391
和楽器バンド,906077
古川本舗,19475
angela,18357
ギガP,804355
Silent Siren,711347
KinKi Kids,20037
高鈴,20036
BUMP OF CHICKEN,18705
UNISON SQUARE GARDEN,22189
ばんばんしー,18585
Alstroemeria Records,18468
LOVE PSYCHEDELICO,20289
音乐治疗,896513
和平之月,669001
HoneyWorks,19859
eufonius,19271
"Fear, and Loathing in Las Vegas",19440
凛として時雨,160421
EXIT TUNES,160323
舞風,20554
RSP,21140
はちみつれもん,19774
wacci,22367
IOSYS,19917
MY FIRST STORY,20689
Rin',21131
AAA,18354
凋叶棕,21981
MAGIC OF LiFE,19157
THE IDOLM@STER,161644
HAPPY BIRTHDAY,19881
Hey! Say! JUMP,19677
Mili,339594
EastNewSound,19312
MAN WITH A MISSION,20574
スピッツ,21308
光栄BGM部,911072
たま,22038
X JAPAN,161765
樹海,19968
ROOKiEZ is PUNK'D,21192
歌ってみた,22227
ZIZZ STUDIO,22506
シド,19970
CrossGear,19023
Sensitive Heart,21689
Spontania,21327
THREE LIGHTS DOWN KINGS,839636
GARNiDELiA,19605
minato,160521
歌手名字,歌手ID
G-Dragon,123577
太阳,124831
PSY,124492
Verbal Jint,124925
July,123825
Zico,160347
Zion.T,125125
Yiruma,124097
Gary,869001
朴宰范,124542
宋旻浩,985011
San E,124730
Dok2,123416
The One,124845
Wisp X,1046123
Daydream,124830
Tablo,124872
Tiger JK,126600
朴灿烈,1011017
吴赫,1054133
曺圭贤,123592
Loco,124303
Crush,711186
K.Will,166027
T.O.P,124858
李洪基,761018
朴明秀,124479
Bumkey,774157
BrotherSu,123268
郑容和,123908
黄光熙,1016188
钟铉,716002
MC 梦,124311
Junggigo,123937
Bobby,986043
Beenzino,123293
成始璄,123310
Mad Clown,124367
朴振荣,124487
Lil Boi,124244
Rain,124593
金昌万,123769
JOO YOUNG,123900
郑镒勋,1046469
金俊秀,124978
Chen,967037
龙俊亨,196774
胜利,124745
金钟国,123748
The Quiett,124837
Paloalto,124496
甘雨,124739
金泰宇,123751
Jung Kook,1075078
Primary,124537
朴孝信,124482
许阁,125000
D.O.,1019321
NaShow,866084
伯贤,1047070
Babylon,123299
张利贞,868129
The Workday Release,102834
Kanto,837263
Iron,981169
Swings,124713
李承哲,124101
Eddie,123513
金必,124070
徐仁国,124977
Henry,776875
Okasian,124472
Gray,123616
权正烈,1053028
Turbotronic,124853
李笛,124132
Hanhae,161862
哈哈,123646
Roy Kim,736073
申升勋,124664
RM,1044137
Basick,123258
Natural,124416
Giriboy,719006
B.I,301286
金在中,677004
大声,123441
Damiano,369585
梁耀燮,124209
Jami Soul,123813
申东辉,124345
辉星,123641
任昌丁,124109
崔始源,123346
刘在石,1021274
咖啡少年,124063
DJ Siesta,123421
Vincent Blue,1154067
金范秀,123826
GAEKO,711140
歌手名字,歌手ID
IU,160947
太妍,125506
CL,768159
Ailee,125175
BoA,125237
泫雅,126066
孝琳,818694
昭宥,866090
尹美莱,126011
白智英,125216
Rachael Yamagata,72720
Younha,126101
郑仁,126191
李遐怡,181009
Jinsil,1025248
MIWOO,1097005
金润雅,125473
金艺林,125550
LYn,125617
Sara,125909
朴宝蓝,202557
敏雅,493780
张才人,126210
朴春,125829
Krystal,125591
白艺潾,1050333
Jessi,1050232
Amber,1011016
Heize,964049
白娥娟,159634
Ben,783299
Gummy,125351
智妍,896243
Jessica,125527
G.NA,125359
郑恩地,174005
Yezi,1137206
李孝利,125615
宣美,818678
Kisum,931009
佳仁,125504
智珉,1049903
全秀妍,125869
朴信惠,681001
朴正炫,125822
姜敏熙,711368
李仙姬,125623
孝敏,956382
俞胜恩,792800
秀智,768284
李贞贤,125616
宋智恩,125938
草娥,896726
Cheetah,957145
Punch,1043105
Zia,126173
陆智谭,980100
星,126061
JUNIEL,125548
Oohyo,963562
赵元善,126183
NS允智,125783
Lydia Paek,975583
Wendy,896665
Hari,125416
蔡妍,125230
金宝京,125543
全孝盛,916059
洪真英,125394
美,125751
Suran,1081589
Tiffany Young,126009
Navi,125780
새벽,125674
赵正熙,803054
Wax,126112
孙丹菲,125907
ELSIE,1046181
许嘉允,818432
Yulia,126151
Big Baby Driver,125219
Truedy,1137297
Ali,125183
Stella Jang,1054076
严正花,126096
金喜善,203245
金雅中,125462
李宝蓝,125686
朴慧京,125814
朴宝英,1049016
张娜拉,126174
SUA,1137294
Raina,990078
KittiB,711268
J.ae,125475
Hello Gayoung,905373
Luna,789120
率智,1079155
Sandara Park,125908
Solar,1081079
歌手名字,歌手ID
BIGBANG,126339
EXO,759509
BTS (防弹少年团),783124
T-ara,127815
少女时代,126793
f(x),127043
少女时代-TaeTiSeo,159879
iKON,1011143
2NE1,128177
EXID,126721
GOT7,881021
Apink,126277
CNBLUE,126524
AOA,126312
Beast,126377
Epik High,126682
Leessang,127089
Infinite,126982
Sistar,127672
Super Junior,127587
东方神起,126614
GD&TOP,126841
WINNER,976163
hyukoh,1054167
SHINee,127582
Girl's Day,126828
GD X TAEYANG,1032279
乐童音乐家,758041
4MINUTE,128176
DAViCHi,126592
Red Velvet,976157
2PM,128182
Trouble Maker,161330
miss A,127210
VIXX,128016
B.A.P,126438
EXO-K,126722
Kara,127055
B1A4,126409
TWICE,1161043
BTOB,126454
Wonder Girls,128048
Nine Muses,127337
Brown Eyed Girls,126327
Turbo,127810
GFRIEND,1046043
After School,126236
Crayon Pop,126581
Dynamic Duo,126610
Lovelyz,1026002
FTISLAND,126737
Teen Top,127873
Standing Egg,127686
Mamamoo,868006
Nell,127311
Hello Venus,126944
Block B,126408
Stellar,127714
神话,127584
JYJ,159051
SUPER JUNIOR-D&E(东海&银赫),896940
高耀太,126797
FIESTAR,126783
MONSTA X,1070068
Rainbow,127524
December,126631
BaeChiGi,126365
Secret,127646
High4,905037
Vanilla Acoustic,127994
Brown Eyed Soul,126340
DAY6,1146052
Noel,128038
2AM,128178
Urban Zakapa,127958
BOYFRIEND,126412
10cm,128195
As One,126243
Orange Caramel,127388
2Lson,128142
SPICA,127734
WABLE,1192133
god,126789
Sweden Laundry,711257
Apnea,126301
Ukulele Picnic,127962
The Seeya,787167
JinuSean,126991
帝国的孩子们,128154
Sunny Hill,127593
SG Wannabe,162024
野菊花,128245
Acoustic Collabo,126270
Every Single Day,126689
SEVENTEEN,1080132
VIXX LR,1132338
SPEED,127739
B.I&BOBBY,1181498
J Rabbit,127019
Sistar19,127709
